0,0,0
0.001,0.6008614917118811,-7.107423029136015E-19
0.002,0.5425825133110914,0.0003907976323702443
0.003,0.0742319265384413,0.0010981144594263493
0.004,0.006225415954138502,0.0016475618500652982
0.005,0.587785252292473,0.0016637413541474057
0.006,1.1600753640762655,0.0011646748613076355
0.007,1.064405868922026,0.00037527213368919693
0.008,0.5504352993557786,-0.0005341430942394274
0.009,0.4292987943184426,-0.0013473287041156834
0.01,0.9510565162951533,-0.001547057291058987
0.011,1.4578155088762652,-0.00047828590097167016
0.012,1.2919193545745076,0.0019978441899231375
0.013,0.7041341022820353,0.005020728605968033
0.014,0.5067589925811118,0.007036558799130004
0.015,0.9510565162951533,0.006690504701622957
0.016,1.3803553106135962,0.003529536939196208
0.017,1.1382205516482504,-0.0018960526356142796
0.018,0.47662061662955324,-0.00820570268921708
0.019,0.2090188477811119,-0.01319706843061821
0.02,0.5877852522924728,-0.013829101091005831
0.021,0.9572819322492924,-0.00666368897484568
0.022,0.6620171788309152,0.011221180133106485
0.023,-0.0452027389813813,0.04151181052607536
0.024,-0.35019502458327234,0.08470926199220413
0.025,1.2864981197413093E-15,0.14069950302420434
0.026,0.3501950245832728,0.20906561835842935
0.027,0.04520273898138255,0.2887999411713791
0.028,-0.6620171788309139,0.37787283557122714
0.029,-0.9572819322492924,0.47323754356596676
0.03,-0.5877852522924738,0.5712167874965941
0.031,-0.20901884778111218,0.6677669530512693
0.032,-0.4766206166295522,0.7584738342196351
0.033,-1.1382205516482542,0.8387396374677782
0.034,-1.3803553106135957,0.9045324211759945
0.035,-0.9510565162951509,0.9533146374147436
0.036,-0.506758992581112,0.9843531119298405
0.037,-0.7041341022820342,0.9981534282304222
0.038,-1.2919193545745074,0.9956160264231092
0.039,-1.4578155088762659,0.9776237945916142
0.04,-0.9510565162951546,0.9450770754220617
0.041,-0.429298794318442,0.8988700281708072
0.042,-0.5504352993557804,0.8396160644004208
0.043,-1.0644058689220253,0.7675402916512732
0.044,-1.160075364076266,0.6829142237050705
0.045,-0.5877852522924745,0.5867096299417474
0.046,-0.006225415954138891,0.4807632670290028
0.047,-0.07423192653844035,0.36726428728881555
0.048,-0.542582513311093,0.24816441088640656
0.049,-0.6008614917118806,0.12514188372810112
0.05,2.083137519823677E-15,7.610557149761998E-16
0.051,0.6008614917118786,-0.12514188372809973
0.052,0.5425825133110915,-0.24777361325403513
0.053,0.07423192653843896,-0.3661661728293887
0.054,0.00622541595413767,-0.4791157051789373
0.055,0.5877852522924751,-0.5850458885876001
0.056,1.160075364076265,-0.6817495488437627
0.057,1.064405868922024,-0.7671650195175842
0.058,0.5504352993557797,-0.8401502074946605
0.059,0.42929879431844103,-0.900217356874923
0.06,0.9510565162951521,-0.9466241327131206
0.061,1.457815508876266,-0.9781020804925851
0.062,1.2919193545745093,-0.9936181822331855
0.063,0.7041341022820333,-0.993132699624454
0.064,0.5067589925811113,-0.9773165531307106
0.065,0.9510565162951556,-0.946624132713121
0.066,1.3803553106135977,-0.9010028842367988
0.067,1.1382205516482502,-0.8406356901033932
0.068,0.47662061662954763,-0.7666795369088529
0.069,0.20901884778111218,-0.6809640214818881
0.07,0.5877852522924788,-0.5850458885876005
0.071,0.9572819322492914,-0.47990123254081274
0.072,0.6620171788309176,-0.3666516554381209
0.073,-0.04520273898137675,-0.24728813064530392
0.074,-0.3501950245832717,-0.12435635636622537
0.075,2.083137519823677E-15,-2.1529544640130904E-16
0.076,0.350195024583273,0.12435635636622484
0.077,0.04520273898138047,0.2472881306453033
0.078,-0.6620171788309123,0.36665165543812006
0.079,-0.9572819322492918,0.479901232540812
0.08,-0.5877852522924748,0.5850458885875992
0.081,-0.2090188477811119,0.6809640214818868
0.082,-0.4766206166295567,0.7666795369088517
0.083,-1.1382205516482533,0.8406356901033919
0.084,-1.3803553106135948,0.9010028842367981
0.085,-0.951056516295152,0.9466241327131206
0.086,-0.5067589925811123,0.9773165531307106
0.087,-0.7041341022820302,0.9931326996244543
0.088,-1.2919193545745062,0.9936181822331858
0.089,-1.4578155088762674,0.9781020804925856
0.09,-0.951056516295156,0.9466241327131207
0.091,-0.4292987943184428,0.900217356874923
0.092,-0.5504352993557768,0.8401502074946602
0.093,-1.0644058689220275,0.7671650195175841
0.094,-1.160075364076266,0.6817495488437633
0.095,-0.5877852522924722,0.5850458885876008
0.096,-0.006225415954136504,0.47911570517893903
0.097,-0.07423192653844246,0.3661661728293911
0.098,-0.542582513311096,0.24777361325403813
0.099,-0.6008614917118804,0.12514188372810287
0.1,4.166275039647354E-15,2.1604354590032404E-15
0.101,0.600861491711882,-0.1251418837280989
0.102,0.5425825133110973,-0.24777361325403505
0.103,0.07423192653844551,-0.36616617282938896
0.104,0.006225415954136282,-0.47911570517893814
0.105,0.5877852522924737,-0.585045888587601
0.106,1.160075364076266,-0.6817495488437639
0.107,1.0644058689220306,-0.7671650195175851
0.108,0.5504352993557802,-0.840150207494661
0.109,0.4292987943184431,-0.9002173568749229
0.11,0.9510565162951579,-0.9466241327131202
0.111,1.457815508876268,-0.978102080492585
0.112,1.2919193545745102,-0.993618182233185
0.113,0.7041341022820344,-0.9931326996244534
0.114,0.5067589925811131,-0.9773165531307099
0.115,0.9510565162951616,-0.9466241327131206
0.116,1.3803553106135953,-0.9010028842367985
0.117,1.138220551648251,-0.8406356901033931
0.118,0.47662061662956134,-0.7666795369088532
0.119,0.20901884778111107,-0.6809640214818883
0.12,0.5877852522924707,-0.5850458885876006
0.121,0.9572819322492934,-0.479901232540813
0.122,0.6620171788309115,-0.36665165543812056
0.123,-0.04520273898137553,-0.24728813064530333
0.124,-0.35019502458327356,-0.12435635636622416
0.125,1.1034200805057946E-15,1.4950876908031985E-15
0.126,0.3501950245832751,0.12435635636622708
0.127,0.045202738981375945,0.24728813064530575
0.128,-0.6620171788309127,0.3666516554381228
0.129,-0.957281932249292,0.47990123254081446
0.13,-0.5877852522924687,0.5850458885876018
0.131,-0.20901884778110852,0.6809640214818893
0.132,-0.47662061662956245,0.766679536908854
0.133,-1.1382205516482524,0.840635690103394
0.134,-1.380355310613595,0.9010028842367999
0.135,-0.9510565162951461,0.9466241327131228
0.136,-0.5067589925811089,0.9773165531307129
0.137,-0.7041341022820353,0.9931326996244569
0.138,-1.2919193545745111,0.9936181822331887
0.139,-1.4578155088762632,0.9781020804925882
0.14,-0.951056516295143,0.9466241327131236
0.141,-0.4292987943184477,0.9002173568749258
0.142,-0.5504352993557711,0.8401502074946626
0.143,-1.064405868922022,0.7671650195175858
0.144,-1.160075364076269,0.6817495488437637
0.145,-0.5877852522924737,0.5850458885876006
0.146,-0.006225415954143054,0.4791157051789379
0.147,-0.07423192653843763,0.3661661728293892
0.148,-0.5425825133110912,0.24777361325403602
0.149,-0.6008614917118811,0.12514188372810078
0.15,2.6966988806705302E-15,5.621046163251098E-16
0.151,0.6008614917118773,-0.12514188372809978
0.152,0.5425825133110922,-0.24777361325403513
0.153,0.07423192653843885,-0.3661661728293885
0.154,0.006225415954139446,-0.47911570517893703
0.155,0.5877852522924794,-0.5850458885875999
0.156,1.1600753640762633,-0.6817495488437628
0.157,1.0644058689220246,-0.767165019517584
0.158,0.5504352993557762,-0.8401502074946605
0.159,0.42929879431844475,-0.9002173568749224
0.16,0.9510565162951494,-0.94662413271312
0.161,1.457815508876265,-0.9781020804925844
0.162,1.2919193545745058,-0.9936181822331841
0.163,0.7041341022820296,-0.993132699624452
0.164,0.5067589925811151,-0.9773165531307078
0.165,0.9510565162951534,-0.9466241327131182
0.166,1.3803553106135964,-0.9010028842367962
0.167,1.1382205516482458,-0.8406356901033907
0.168,0.4766206166295441,-0.7666795369088507
0.169,0.20901884778111612,-0.6809640214818871
0.17,0.5877852522924767,-0.5850458885876
0.171,0.9572819322492923,-0.47990123254081274
0.172,0.66201717883092,-0.3666516554381212
0.173,-0.04520273898137833,-0.24728813064530425
0.174,-0.3501950245832724,-0.12435635636622556
0.175,-6.98172471641309E-15,-1.256861368453821E-16
0.176,0.3501950245832728,0.12435635636622537
0.177,0.045202738981384605,0.24728813064530403
0.178,-0.6620171788309024,0.3666516554381213
0.179,-0.9572819322492944,0.4799012325408128
0.18,-0.5877852522924769,0.5850458885876003
0.181,-0.20901884778111102,0.6809640214818875
0.182,-0.4766206166295533,0.7666795369088517
0.183,-1.1382205516482435,0.8406356901033918
0.184,-1.3803553106135977,0.9010028842367975
0.185,-0.9510565162951543,0.9466241327131195
0.186,-0.5067589925811108,0.9773165531307091
0.187,-0.7041341022820398,0.9931326996244524
0.188,-1.2919193545745045,0.993618182233184
0.189,-1.4578155088762659,0.9781020804925835
0.19,-0.9510565162951514,0.9466241327131187
0.191,-0.4292987943184416,0.9002173568749214
0.192,-0.5504352993557855,0.8401502074946591
0.193,-1.0644058689220246,0.7671650195175834
0.194,-1.1600753640762649,0.6817495488437629
0.195,-0.587785252292468,0.5850458885876006
0.196,-0.0062254159541370035,0.47911570517893837
0.197,-0.07423192653845079,0.3661661728293904
0.198,-0.5425825133110928,0.24777361325403718
0.199,-0.6008614917118795,0.12514188372810184
0.2,8.332550079294709E-15,1.3382849516074824E-15
0.201,0.6008614917118869,-0.12514188372809912
0.202,0.5425825133110906,-0.2477736132540345
0.203,0.07423192653843719,-0.36616617282938757
0.204,0.0062254159541291765,-0.4791157051789362
0.205,0.5877852522924567,-0.5850458885875988
0.206,1.1600753640762604,-0.6817495488437612
0.207,1.0644058689220313,-0.7671650195175826
0.208,0.550435299355781,-0.8401502074946599
0.209,0.42929879431844065,-0.900217356874923
0.21,0.9510565162951553,-0.9466241327131205
0.211,1.457815508876267,-0.9781020804925856
0.212,1.2919193545745007,-0.9936181822331859
0.213,0.7041341022820481,-0.9931326996244543
0.214,0.5067589925811081,-0.9773165531307104
0.215,0.9510565162951451,-0.9466241327131208
0.216,1.3803553106135955,-0.9010028842367989
0.217,1.1382205516482544,-0.8406356901033933
0.218,0.476620616629551,-0.766679536908853
0.219,0.2090188477811138,-0.6809640214818885
0.22,0.5877852522924828,-0.5850458885876005
0.221,0.9572819322492974,-0.47990123254081196
0.222,0.6620171788309006,-0.36665165543811934
0.223,-0.04520273898137478,-0.247288130645302
0.224,-0.3501950245832739,-0.12435635636622337
0.225,-8.560147981299703E-16,1.0436259061802344E-15
0.226,0.3501950245832748,0.12435635636622488
0.227,0.045202738981376694,0.2472881306453017
0.228,-0.6620171788309218,0.36665165543811684
0.229,-0.957281932249288,0.4799012325408075
0.23,-0.5877852522924566,0.5850458885875948
0.231,-0.20901884778110724,0.6809640214818831
0.232,-0.47662061662954863,0.766679536908849
0.233,-1.13822055164825,0.8406356901033911
0.234,-1.3803553106135957,0.9010028842367985
0.235,-0.9510565162951483,0.9466241327131218
0.236,-0.5067589925811177,0.9773165531307121
0.237,-0.7041341022820216,0.9931326996244549
0.238,-1.2919193545744978,0.9936181822331861
0.239,-1.4578155088762692,0.9781020804925847
0.24,-0.9510565162951599,0.9466241327131196
0.241,-0.4292987943184443,0.9002173568749227
0.242,-0.5504352993557808,0.8401502074946606
0.243,-1.0644058689220317,0.7671650195175851
0.244,-1.1600753640762633,0.6817495488437646
0.245,-0.5877852522924624,0.5850458885876018
0.246,-0.00622541595414422,0.4791157051789389
0.247,-0.07423192653843608,0.3661661728293897
0.248,-0.5425825133110862,0.24777361325403538
0.249,-0.6008614917118824,0.12514188372809928
0.25,-2.424534372831173E-16,-1.4230153513872246E-15
0.251,0.6008614917118804,-0.1251418837281015
0.252,0.5425825133110823,-0.2477736132540359
0.253,0.07423192653843225,-0.366166172829388
0.254,0.006225415954142721,-0.47911570517893487
0.255,0.5877852522924653,-0.585045888587596
0.256,1.1600753640762647,-0.681749548843758
0.257,1.0644058689220286,-0.7671650195175788
0.258,0.550435299355778,-0.8401502074946555
0.259,0.4292987943184438,-0.9002173568749184
0.26,0.9510565162951611,-0.9466241327131165
0.261,1.4578155088762685,-0.9781020804925822
0.262,1.2919193545744958,-0.9936181822331839
0.263,0.7041341022820199,-0.9931326996244529
0.264,0.5067589925811182,-0.9773165531307111
0.265,0.95105651629515,-0.9466241327131218
0.266,1.380355310613596,-0.9010028842368001
0.267,1.138220551648248,-0.8406356901033943
0.268,0.4766206166295464,-0.7666795369088529
0.269,0.20901884778111574,-0.6809640214818872
0.27,0.5877852522924889,-0.5850458885875984
0.271,0.9572819322492995,-0.47990123254080974
0.272,0.6620171788308928,-0.36665165543811773
0.273,-0.04520273898140573,-0.24728813064530153
0.274,-0.35019502458327534,-0.12435635636622454
0.275,1.7169814413526478E-15,-1.422120884594924E-15
0.276,0.35019502458327334,0.1243563563662219
0.277,0.04520273898137214,0.2472881306452992
0.278,-0.6620171788309264,0.36665165543811584
0.279,-0.9572819322492859,0.4799012325408083
0.28,-0.5877852522924505,0.5850458885875973
0.281,-0.20901884778110774,0.680964021481887
0.282,-0.4766206166295281,0.7666795369088532
0.283,-1.1382205516482298,0.8406356901033941
0.284,-1.380355310613601,0.9010028842367995
0.285,-0.9510565162951697,0.9466241327131207
0.286,-0.5067589925811151,0.9773165531307089
0.287,-0.704134102282026,0.9931326996244505
0.288,-1.291919354574503,0.9936181822331818
0.289,-1.4578155088762668,0.9781020804925813
0.29,-0.951056516295154,0.9466241327131175
0.291,-0.42929879431845136,0.9002173568749218
0.292,-0.5504352993557629,0.8401502074946609
0.293,-1.0644058689220137,0.7671650195175856
0.294,-1.160075364076273,0.6817495488437644
0.295,-0.5877852522924879,0.5850458885876002
0.296,-0.006225415954145719,0.47911570517893504
0.297,-0.07423192653844435,0.36616617282938324
0.298,-0.5425825133110912,0.24777361325402733
0.299,-0.6008614917118807,0.12514188372809062
0.3,5.3933977613410604E-15,-9.261742848348797E-15
0.301,0.6008614917118733,-0.12514188372810706
0.302,0.5425825133111003,-0.24777361325403804
0.303,0.0742319265384469,-0.36616617282938624
0.304,0.006225415954132396,-0.47911570517893004
0.305,0.5877852522924651,-0.5850458885875891
0.306,1.160075364076261,-0.6817495488437503
0.307,1.0644058689220235,-0.7671650195175728
0.308,0.5504352993557731,-0.840150207494652
0.309,0.4292987943184456,-0.9002173568749178
0.31,0.9510565162951669,-0.946624132713119
0.311,1.4578155088762617,-0.9781020804925858
0.312,1.291919354574514,-0.993618182233187
0.313,0.7041341022820385,-0.9931326996244546
0.314,0.5067589925811125,-0.97731655313071
0.315,0.951056516295156,-0.9466241327131191
0.316,1.3803553106135977,-0.9010028842367962
0.317,1.138220551648243,-0.840635690103391
0.318,0.47662061662954186,-0.766679536908852
0.319,0.2090188477811178,-0.6809640214818893
0.32,0.5877852522924665,-0.5850458885876034
0.321,0.9572819322492927,-0.4799012325408166
0.322,0.6620171788309179,-0.36665165543812456
0.323,-0.045202738981380414,-0.24728813064530616
0.324,-0.35019502458327323,-0.12435635636622608
0.325,7.842691359635767E-15,5.430226580893649E-16
0.326,0.35019502458327545,0.12435635636622644
0.327,0.04520273898136762,0.2472881306453046
0.328,-0.6620171788309308,0.3666516554381203
0.329,-0.9572819322492838,0.47990123254081063
0.33,-0.5877852522924728,0.5850458885875969
0.331,-0.20901884778110935,0.680964021481884
0.332,-0.4766206166295602,0.7666795369088493
0.333,-1.1382205516482613,0.840635690103391
0.334,-1.3803553106135933,0.9010028842367991
0.335,-0.9510565162951375,0.9466241327131237
0.336,-0.5067589925811059,0.9773165531307149
0.337,-0.7041341022820542,0.9931326996244592
0.338,-1.2919193545745302,0.9936181822331898
0.339,-1.4578155088762648,0.9781020804925877
0.34,-0.9510565162951482,0.9466241327131206
0.341,-0.42929879431843776,0.900217356874921
0.342,-0.5504352993557868,0.840150207494657
0.343,-1.064405868922037,0.7671650195175803
0.344,-1.1600753640762713,0.6817495488437597
0.345,-0.5877852522924822,0.5850458885875984
0.346,-0.006225415954144109,0.4791157051789374
0.347,-0.07423192653842636,0.36616617282938996
0.348,-0.5425825133110802,0.24777361325403727
0.349,-0.600861491711895,0.12514188372810153
0.35,-1.739246047043877E-14,-7.692414413784655E-17
0.351,0.6008614917118749,-0.12514188372810195
0.352,0.5425825133110953,-0.24777361325403868
0.353,0.0742319265384419,-0.3661661728293927
0.354,0.006225415954134006,-0.47911570517894103
0.355,0.5877852522924708,-0.5850458885876031
0.356,1.160075364076254,-0.6817495488437644
0.357,1.0644058689220373,-0.767165019517585
0.358,0.550435299355791,-0.8401502074946606
0.359,0.42929879431843854,-0.9002173568749233
0.36,0.9510565162951442,-0.9466241327131213
0.361,1.4578155088762634,-0.9781020804925875
0.362,1.2919193545745093,-0.9936181822331893
0.363,0.7041341022820338,-0.9931326996244586
0.364,0.5067589925811143,-0.977316553130716
0.365,0.951056516295164,-0.9466241327131264
0.366,1.380355310613594,-0.901002884236804
0.367,1.1382205516482615,-0.8406356901033979
0.368,0.4766206166295602,-0.7666795369088562
0.369,0.2090188477811109,-0.6809640214818906
0.37,0.5877852522924726,-0.585045888587602
0.371,0.9572819322492947,-0.47990123254081407
0.372,0.6620171788309135,-0.36665165543812256
0.373,-0.04520273898138494,-0.24728813064530625
0.374,-0.3501950245832641,-0.12435635636622855
0.375,-7.347880794884118E-15,-4.1358518172718295E-15
0.376,0.3501950245832687,0.12435635636622074
0.377,0.045202738981386104,0.24728813064529942
0.378,-0.6620171788309124,0.3666516554381174
0.379,-0.9572819322492907,0.47990123254081035
0.38,-0.5877852522924667,0.5850458885875992
0.381,-0.20901884778110735,0.6809640214818878
0.382,-0.47662061662956023,0.7666795369088529
0.383,-1.1382205516482622,0.8406356901033931
0.384,-1.3803553106135915,0.9010028842367984
0.385,-0.95105651629516,0.9466241327131202
0.386,-0.5067589925811128,0.9773165531307099
0.387,-0.704134102282036,0.9931326996244542
0.388,-1.291919354574512,0.9936181822331869
0.389,-1.4578155088762632,0.978102080492588
0.39,-0.9510565162951424,0.9466241327131245
0.391,-0.42929879431843915,0.9002173568749278
0.392,-0.5504352993557955,0.8401502074946656
0.393,-1.064405868922042,0.7671650195175891
0.394,-1.1600753640762558,0.681749548843766
0.395,-0.5877852522924708,0.585045888587602
0.396,-0.006225415954136337,0.47911570517893765
0.397,-0.07423192653844773,0.36616617282938807
0.398,-0.5425825133111012,0.24777361325403427
0.399,-0.6008614917118775,0.12514188372809928
0.4,1.6665100158589417E-14,-2.4557179206796675E-16
0.401,0.6008614917118923,-0.12514188372809953
0.402,0.5425825133110742,-0.2477736132540339
0.403,0.07423192653842053,-0.3661661728293867
0.404,0.006225415954141833,-0.47911570517893537
0.405,0.5877852522924822,-0.5850458885875989
0.406,1.1600753640762695,-0.6817495488437632
0.407,1.0644058689220324,-0.7671650195175855
0.408,0.5504352993558055,-0.8401502074946634
0.409,0.42929879431843715,-0.9002173568749262
0.41,0.9510565162951217,-0.9466241327131234
0.411,1.4578155088762652,-0.9781020804925875
0.412,1.2919193545745276,-0.993618182233187
0.413,0.7041341022820291,-0.9931326996244544
0.414,0.5067589925811076,-0.9773165531307108
0.415,0.95105651629517,-0.9466241327131215
0.416,1.380355310613596,-0.9010028842368001
0.417,1.1382205516482837,-0.8406356901033947
0.418,0.4766206166295601,-0.766679536908855
0.419,0.2090188477811042,-0.68096402148189
0.42,0.5877852522924787,-0.5850458885876015
0.421,0.957281932249288,-0.47990123254081335
0.422,0.6620171788309088,-0.3666516554381209
0.423,-0.04520273898136645,-0.2472881306453037
0.424,-0.3501950245832621,-0.12435635636622545
0.425,-1.2221708766009993E-15,-6.3463774166439E-16
0.426,0.350195024583269,0.12435635636622433
0.427,0.04520273898138158,0.24728813064530303
0.428,-0.662017178830894,0.3666516554381208
0.429,-0.9572819322492886,0.4799012325408137
0.43,-0.587785252292489,0.5850458885876023
0.431,-0.2090188477811054,0.6809640214818908
0.432,-0.4766206166295419,0.766679536908855
0.433,-1.1382205516482666,0.8406356901033943
0.434,-1.3803553106135953,0.9010028842367989
0.435,-0.9510565162951234,0.94662413271312
0.436,-0.5067589925811109,0.9773165531307096
0.437,-0.7041341022820178,0.9931326996244543
0.438,-1.2919193545745167,0.9936181822331882
0.439,-1.45781550887627,0.9781020804925905
0.44,-0.9510565162951365,0.9466241327131282
0.441,-0.42929879431844625,0.9002173568749317
0.442,-0.5504352993558004,0.8401502074946694
0.443,-1.0644058689220284,0.7671650195175919
0.444,-1.1600753640762542,0.6817495488437686
0.445,-0.5877852522924651,0.5850458885876039
0.446,-0.006225415954143498,0.47911570517893975
0.447,-0.07423192653845273,0.3661661728293907
0.448,-0.5425825133110832,0.24777361325403777
0.449,-0.6008614917118761,0.12514188372810328
0.45,-6.120758073190412E-15,3.7241802523790835E-15
0.451,0.6008614917118867,-0.12514188372809626
0.452,0.5425825133110853,-0.2477736132540319
0.453,0.0742319265384156,-0.36616617282938596
0.454,0.006225415954143387,-0.4791157051789357
0.455,0.5877852522924596,-0.5850458885875985
0.456,1.160075364076271,-0.6817495488437617
0.457,1.064405868922032,-0.767165019517582
0.458,0.5504352993557584,-0.8401502074946569
0.459,0.4292987943184419,-0.9002173568749174
0.46,0.9510565162951843,-0.9466241327131136
0.461,1.457815508876267,-0.9781020804925782
0.462,1.2919193545744774,-0.9936181822331795
0.463,0.7041341022820238,-0.9931326996244498
0.464,0.506758992581108,-0.9773165531307088
0.465,0.9510565162951737,-0.9466241327131212
0.466,1.3803553106135946,-0.9010028842368009
0.467,1.1382205516482293,-0.8406356901033958
0.468,0.476620616629551,-0.7666795369088552
0.469,0.2090188477811113,-0.6809640214818891
0.47,0.5877852522924848,-0.5850458885876
0.471,0.95728193224929,-0.47990123254081096
0.472,0.6620171788309503,-0.36665165543811884
0.473,-0.04520273898137098,-0.2472881306453022
0.474,-0.3501950245832776,-0.12435635636622516
0.475,4.90353904168212E-15,-2.1338725057773456E-15
0.476,0.35019502458327106,0.12435635636622079
0.477,0.04520273898138391,0.24728813064529764
0.478,-0.6620171788308918,0.3666516554381135
0.479,-0.9572819322492865,0.4799012325408059
0.48,-0.587785252292483,0.5850458885875945
0.481,-0.20901884778112095,0.6809640214818844
0.482,-0.47662061662954647,0.7666795369088508
0.483,-1.1382205516482253,0.8406356901033928
0.484,-1.3803553106135933,0.9010028842367995
0.485,-0.9510565162951743,0.9466241327131215
0.486,-0.5067589925811077,0.97731655313071
0.487,-0.704134102282022,0.9931326996244519
0.488,-1.2919193545745216,0.9936181822331817
0.489,-1.4578155088762683,0.9781020804925797
0.49,-0.9510565162951308,0.9466241327131147
0.491,-0.42929879431844453,0.9002173568749179
0.492,-0.5504352993557593,0.8401502074946573
0.493,-1.0644058689220333,0.767165019517584
0.494,-1.1600753640762753,0.681749548843766
0.495,-0.5877852522924653,0.5850458885876062
0.496,-0.0062254159541418885,0.4791157051789459
0.497,-0.07423192653845773,0.36616617282939845
0.498,-0.5425825133110882,0.24777361325404532
0.499,-0.6008614917118744,0.12514188372810894
0.5,-4.849068745662346E-16,6.99825397285081E-15
0.501,0.6008614917118709,-0.12514188372809493
0.502,0.5425825133110802,-0.2477736132540314
0.503,0.07423192653844995,-0.36616617282938546
0.504,0.00622541595413878,-0.47911570517893404
0.505,0.5877852522924653,-0.5850458885875965
0.506,1.1600753640762729,-0.6817495488437593
0.507,1.064405868922027,-0.7671650195175812
0.508,0.5504352993557535,-0.8401502074946583
0.509,0.42929879431844364,-0.9002173568749217
0.51,0.9510565162951353,-0.94662413271312
0.511,1.4578155088762688,-0.9781020804925847
0.512,1.2919193545745185,-0.9936181822331848
0.513,0.7041341022820196,-0.9931326996244518
0.514,0.5067589925811099,-0.9773165531307073
0.515,0.9510565162951818,-0.9466241327131164
0.516,1.3803553106135966,-0.9010028842367936
0.517,1.1382205516482284,-0.8406356901033886
0.518,0.47662061662954636,-0.7666795369088495
0.519,0.20901884778112062,-0.6809640214818868
0.52,0.5877852522924908,-0.5850458885876013
0.521,0.9572819322492858,-0.4799012325408155
0.522,0.6620171788308997,-0.3666516554381247
0.523,-0.045202738981382384,-0.24728813064530783
0.524,-0.3501950245832579,-0.12435635636622873
0.525,3.923821602364237E-15,-2.462494184257702E-15
0.526,0.35019502458327667,0.1243563563662239
0.527,0.04520273898137256,0.24728813064530317
0.528,-0.6620171788309556,0.36665165543812006
0.529,-0.9572819322492845,0.47990123254081113
0.53,-0.5877852522924827,0.5850458885875971
0.531,-0.2090188477811014,0.6809640214818833
0.532,-0.4766206166295556,0.7666795369088467
0.533,-1.138220551648276,0.8406356901033859
0.534,-1.3803553106135944,0.9010028842367922
0.535,-0.9510565162951159,0.9466241327131155
0.536,-0.5067589925811071,0.9773165531307072
0.537,-0.7041341022820737,0.9931326996244528
0.538,-1.2919193545745262,0.9936181822331863
0.539,-1.4578155088762652,0.9781020804925868
0.54,-0.951056516295125,0.946624132713122
0.541,-0.4292987943184397,0.900217356874924
0.542,-0.5504352993558103,0.8401502074946609
0.543,-1.0644058689220337,0.767165019517584
0.544,-1.1600753640762456,0.6817495488437626
0.545,-0.5877852522924538,0.5850458885876005
0.546,-0.006225415954116464,0.47911570517893864
0.547,-0.07423192653846267,0.36616617282939073
0.548,-0.5425825133110863,0.24777361325403707
0.549,-0.6008614917118729,0.12514188372810062
0.55,1.2256371681658946E-14,-1.9118821109609385E-15
0.551,0.60086149171189,-0.1251418837281048
0.552,0.5425825133110822,-0.24777361325404243
0.553,0.07423192653841221,-0.3661661728293972
0.554,0.0062254159541466625,-0.47911570517894564
0.555,0.5877852522925335,-0.5850458885876066
0.556,1.1600753640762744,-0.681749548843767
0.557,1.0644058689219806,-0.767165019517586
0.558,0.5504352993557486,-0.8401502074946606
0.559,0.42929879431844836,-0.9002173568749222
0.56,0.9510565162951958,-0.9466241327131205
0.561,1.4578155088762719,-0.9781020804925871
0.562,1.2919193545744683,-0.9936181822331894
0.563,0.7041341022820613,-0.9931326996244592
0.564,0.5067589925810955,-0.9773165531307157
0.565,0.9510565162951332,-0.9466241327131254
0.566,1.380355310613584,-0.901002884236801
0.567,1.1382205516482737,-0.8406356901033925
0.568,0.47662061662959226,-0.766679536908849
0.569,0.20901884778111018,-0.6809640214818822
0.57,0.5877852522924458,-0.585045888587593
0.571,0.957281932249294,-0.4799012325408052
0.572,0.6620171788309479,-0.366651655438114
0.573,-0.045202738981334034,-0.24728813064529814
0.574,-0.3501950245832664,-0.12435635636622093
0.575,-3.9688459982559654E-14,3.175330007612609E-15
0.576,0.3501950245832823,0.1243563563662276
0.577,0.045202738981420854,0.2472881306453058
0.578,-0.6620171788309075,0.36665165543812267
0.579,-0.9572819322492938,0.4799012325408144
0.58,-0.5877852522924708,0.5850458885876018
0.581,-0.20901884778111174,0.6809640214818891
0.582,-0.47662061662950966,0.7666795369088535
0.583,-1.1382205516482307,0.8406356901033929
0.584,-1.380355310613607,0.9010028842367978
0.585,-0.9510565162951602,0.9466241327131195
0.586,-0.5067589925811216,0.9773165531307082
0.587,-0.704134102282032,0.9931326996244509
0.588,-1.2919193545744856,0.9936181822331825
0.589,-1.4578155088762648,0.978102080492582
0.59,-0.9510565162951782,0.9466241327131185
0.591,-0.42929879431844103,0.9002173568749227
0.592,-0.5504352993557728,0.8401502074946626
0.593,-1.0644058689219973,0.7671650195175896
0.594,-1.160075364076277,0.6817495488437711
0.595,-0.5877852522925107,0.5850458885876108
0.596,-0.006225415954138669,0.4791157051789493
0.597,-0.0742319265384283,0.36616617282940084
0.598,-0.5425825133110982,0.24777361325404665
0.599,-0.600861491711896,0.1251418837281099
0.6,1.0786795522682121E-14,8.18220274520498E-15
0.601,0.6008614917118669,-0.12514188372809285
0.602,0.5425825133111163,-0.24777361325402783
0.603,0.07423192653843341,-0.36616617282938
0.604,0.006225415954124458,-0.4791157051789272
0.605,0.5877852522924766,-0.5850458885875888
0.606,1.1600753640762533,-0.6817495488437509
0.607,1.0644058689220173,-0.7671650195175735
0.608,0.550435299355786,-0.8401502074946522
0.609,0.4292987943184471,-0.9002173568749172
0.61,0.9510565162951425,-0.9466241327131174
0.611,1.4578155088762546,-0.9781020804925846
0.612,1.291919354574508,-0.9936181822331864
0.613,0.7041341022820561,-0.9931326996244547
0.614,0.5067589925811137,-0.9773165531307108
0.615,0.951056516295137,-0.9466241327131203
0.616,1.3803553106136004,-0.901002884236798
0.617,1.1382205516482653,-0.8406356901033928
0.618,0.4766206166295372,-0.766679536908854
0.619,0.20901884778111735,-0.6809640214818907
0.62,0.587785252292503,-0.5850458885876045
0.621,0.9572819322492899,-0.4799012325408177
0.622,0.6620171788309368,-0.3666516554381256
0.623,-0.045202738981391405,-0.24728813064530766
0.624,-0.3501950245832714,-0.12435635636622758
0.625,1.6175241438930474E-14,-1.0018570174852304E-15
0.626,0.3501950245832773,0.12435635636622491
0.627,0.04520273898136348,0.24728813064530344
0.628,-0.6620171788309055,0.36665165543811956
0.629,-0.9572819322492805,0.4799012325408099
0.63,-0.5877852522924705,0.5850458885875965
0.631,-0.2090188477811149,0.6809640214818831
0.632,-0.47662061662956484,0.7666795369088478
0.633,-1.138220551648239,0.8406356901033885
0.634,-1.3803553106135906,0.9010028842367953
0.635,-0.9510565162951564,0.9466241327131194
0.636,-0.5067589925811035,0.97731655313071
0.637,-0.7041341022820362,0.9931326996244544
0.638,-1.2919193545745358,0.9936181822331864
0.639,-1.4578155088762617,0.9781020804925862
0.64,-0.9510565162951702,0.9466241327131216
0.641,-0.4292987943184363,0.9002173568749251
0.642,-0.550435299355774,0.8401502074946637
0.643,-1.0644058689220435,0.7671650195175888
0.644,-1.1600753640762704,0.6817495488437689
0.645,-0.5877852522924424,0.5850458885876076
0.646,-0.006225415954143276,0.47911570517894564
0.647,-0.07423192653847266,0.3661661728293969
0.648,-0.5425825133110963,0.2477736132540428
0.649,-0.6008614917118873,0.12514188372810586
0.65,2.3528074078907303E-14,3.6473645284584855E-15
0.651,0.6008614917118755,-0.12514188372809834
0.652,0.5425825133110722,-0.24777361325403466
0.653,0.07423192653843497,-0.36616617282938824
0.654,0.006225415954149827,-0.4791157051789362
0.655,0.5877852522924765,-0.5850458885875983
0.656,1.1600753640762778,-0.6817495488437599
0.657,1.0644058689220168,-0.767165019517581
0.658,0.5504352993557389,-0.840150207494658
0.659,0.42929879431845175,-0.9002173568749215
0.66,0.9510565162951505,-0.9466241327131212
0.661,1.4578155088762754,-0.9781020804925884
0.662,1.2919193545745036,-0.993618182233191
0.663,0.7041341022820049,-0.9931326996244599
0.664,0.5067589925811141,-0.9773165531307167
0.665,0.9510565162951976,-0.9466241327131263
0.666,1.3803553106135995,-0.9010028842368024
0.667,1.1382205516482107,-0.8406356901033952
0.668,0.4766206166295281,-0.7666795369088539
0.669,0.20901884778111413,-0.680964021481889
0.67,0.5877852522925033,-0.5850458885876018
0.671,0.9572819322492981,-0.47990123254081485
0.672,0.6620171788308796,-0.36665165543812434
0.673,-0.04520273898140284,-0.24728813064530783
0.674,-0.3501950245832588,-0.12435635636622933
0.675,1.5195523999612593E-14,-3.3381500688656196E-15
0.676,0.3501950245832899,0.12435635636622312
0.677,0.045202738981352075,0.24728813064530294
0.678,-0.6620171788309166,0.3666516554381205
0.679,-0.9572819322492847,0.479901232540812
0.68,-0.5877852522924587,0.5850458885875983
0.681,-0.20901884778110064,0.6809640214818845
0.682,-0.4766206166295739,0.7666795369088473
0.683,-1.1382205516482937,0.8406356901033867
0.684,-1.3803553106135917,0.9010028842367928
0.685,-0.9510565162950958,0.9466241327131155
0.686,-0.5067589925811029,0.9773165531307071
0.687,-0.7041341022820874,0.9931326996244524
0.688,-1.2919193545744951,0.993618182233186
0.689,-1.4578155088762816,0.9781020804925855
0.69,-0.9510565162951666,0.9466241327131206
0.691,-0.4292987943184552,0.9002173568749215
0.692,-0.5504352993557827,0.8401502074946575
0.693,-1.064405868922007,0.7671650195175794
0.694,-1.1600753640762913,0.6817495488437572
0.695,-0.5877852522924993,0.5850458885875941
0.696,-0.006225415954165481,0.4791157051789322
0.697,-0.07423192653843824,0.3661661728293852
0.698,-0.542582513311076,0.2477736132540338
0.699,-0.6008614917118927,0.12514188372810023
0.7,-3.478492094087754E-14,1.0808411457507994E-15
0.701,0.6008614917118701,-0.12514188372809884
0.702,0.5425825133111063,-0.24777361325403433
0.703,0.07423192653846938,-0.36616617282938835
0.704,0.006225415954127678,-0.4791157051789378
0.705,0.5877852522924195,-0.585045888587601
0.706,1.1600753640762567,-0.681749548843764
0.707,1.0644058689220532,-0.7671650195175851
0.708,0.5504352993557762,-0.8401502074946614
0.709,0.42929879431843293,-0.9002173568749237
0.71,0.9510565162951542,-0.9466241327131217
0.711,1.4578155088762583,-0.9781020804925873
0.712,1.2919193545745444,-0.9936181822331891
0.713,0.7041341022820466,-0.9931326996244585
0.714,0.5067589925811025,-0.9773165531307169
0.715,0.9510565162951489,-0.9466241327131294
0.716,1.3803553106135869,-0.9010028842368083
0.717,1.138220551648256,-0.8406356901034036
0.718,0.476620616629574,-0.7666795369088641
0.719,0.2090188477811213,-0.6809640214818998
0.72,0.5877852522924584,-0.585045888587612
0.721,0.9572819322493065,-0.4799012325408236
0.722,0.6620171788309277,-0.3666516554381306
0.723,-0.045202738981340695,-0.24728813064531194
0.724,-0.3501950245832673,-0.12435635636623173
0.725,-2.84167575853113E-14,-5.265102590024107E-15
0.726,0.3501950245832814,0.12435635636622053
0.727,0.045202738981400425,0.2472881306452988
0.728,-0.6620171788309145,0.366651655438115
0.729,-0.957281932249294,0.47990123254080574
0.73,-0.5877852522924468,0.5850458885875929
0.731,-0.20901884778111096,0.6809640214818811
0.732,-0.47662061662951893,0.7666795369088477
0.733,-1.1382205516482484,0.8406356901033909
0.734,-1.3803553106136044,0.9010028842368001
0.735,-0.9510565162951444,0.9466241327131248
0.736,-0.5067589925811173,0.9773165531307165
0.737,-0.7041341022820458,0.9931326996244602
0.738,-1.2919193545744994,0.9936181822331911
0.739,-1.457815508876261,0.9781020804925891
0.74,-0.9510565162951585,0.9466241327131223
0.741,-0.4292987943184566,0.9002173568749243
0.742,-0.5504352993557838,0.840150207494663
0.743,-1.0644058689220073,0.7671650195175882
0.744,-1.160075364076267,0.6817495488437698
0.745,-0.5877852522924879,0.5850458885876094
0.746,-0.006225415954140112,0.47911570517894814
0.747,-0.07423192653843663,0.36616617282939967
0.748,-0.5425825133111201,0.24777361325404515
0.749,-0.6008614917118842,0.125141883728108
0.75,-3.625449709985436E-14,5.839133430246557E-15
0.751,0.6008614917118786,-0.12514188372809548
0.752,0.5425825133111082,-0.24777361325403058
0.753,0.07423192653842503,-0.3661661728293823
0.754,0.006225415954135449,-0.47911570517892865
0.755,0.5877852522924878,-0.5850458885875892
0.756,1.1600753640762635,-0.681749548843751
0.757,1.064405868921998,-0.767165019517573
0.758,0.5504352993557751,-0.8401502074946515
0.759,0.4292987943184552,-0.9002173568749176
0.76,0.9510565162951622,-0.9466241327131182
0.761,1.4578155088762612,-0.9781020804925866
0.762,1.2919193545744942,-0.9936181822331893
0.763,0.7041341022820413,-0.9931326996244583
0.764,0.5067589925811206,-0.977316553130714
0.765,0.9510565162951526,-0.9466241327131228
0.766,1.3803553106136093,-0.9010028842367988
0.767,1.1382205516482475,-0.840635690103392
0.768,0.4766206166295188,-0.7666795369088519
0.769,0.20901884778111823,-0.680964021481889
0.77,0.5877852522924587,-0.5850458885876042
0.771,0.9572819322493022,-0.4799012325408195
0.772,0.6620171788309166,-0.3666516554381307
0.773,-0.045202738981398094,-0.24728813064531535
0.774,-0.35019502458327223,-0.1243563563662371
0.775,4.165779855138084E-14,-1.0805538321750907E-14
0.776,0.35019502458327645,0.12435635636621653
0.777,0.045202738981343055,0.24728813064529767
0.778,-0.6620171788309257,0.3666516554381169
0.779,-0.9572819322492981,0.47990123254081
0.78,-0.5877852522924465,0.5850458885875984
0.781,-0.20901884778111413,0.6809640214818857
0.782,-0.4766206166295741,0.76667953690885
0.783,-1.1382205516482569,0.8406356901033903
0.784,-1.3803553106135817,0.9010028842367965
0.785,-0.9510565162951408,0.9466241327131202
0.786,-0.5067589925810992,0.9773165531307118
0.787,-0.7041341022820509,0.9931326996244564
0.788,-1.2919193545745498,0.993618182233189
0.789,-1.4578155088762577,0.9781020804925875
0.79,-0.9510565162951505,0.9466241327131207
0.791,-0.4292987943184342,0.9002173568749209
0.792,-0.5504352993557848,0.8401502074946556
0.793,-1.0644058689220628,0.767165019517578
0.794,-1.1600753640762602,0.6817495488437568
0.795,-0.5877852522924196,0.5850458885875953
0.796,-0.006225415954132285,0.4791157051789351
0.797,-0.07423192653848099,0.3661661728293891
0.798,-0.5425825133111182,0.24777361325403754
0.799,-0.6008614917118755,0.12514188372810278
0.8,3.3330200317178835E-14,1.540488656776029E-15
0.801,0.6008614917118873,-0.1251418837281007
0.802,0.5425825133110641,-0.24777361325403816
0.803,0.07423192653842664,-0.36616617282939284
0.804,0.006225415954160873,-0.47911570517894175
0.805,0.5877852522924992,-0.5850458885876035
0.806,1.160075364076288,-0.6817495488437642
0.807,1.0644058689219975,-0.7671650195175836
0.808,0.550435299355774,-0.8401502074946587
0.809,0.4292987943184539,-0.9002173568749214
0.81,0.9510565162951702,-0.9466241327131204
0.811,1.457815508876282,-0.9781020804925876
0.812,1.2919193545744898,-0.9936181822331903
0.813,0.7041341022820831,-0.9931326996244607
0.814,0.5067589925811061,-0.9773165531307181
0.815,0.9510565162951039,-0.9466241327131271
0.816,1.380355310613579,-0.901002884236803
0.817,1.1382205516482466,-0.8406356901033947
0.818,0.47662061662957383,-0.7666795369088523
0.819,0.2090188477811078,-0.6809640214818866
0.82,0.5877852522924136,-0.5850458885875991
0.821,0.9572819322493105,-0.4799012325408123
0.822,0.6620171788309186,-0.3666516554381219
0.823,-0.045202738981349716,-0.24728813064530575
0.824,-0.3501950245832808,-0.12435635636622752
0.825,-5.879790189435108E-14,-1.711467339376993E-15
0.826,0.35019502458328555,0.12435635636622469
0.827,0.04520273898140517,0.24728813064530475
0.828,-0.6620171788308775,0.3666516554381233
0.829,-0.9572819322493075,0.47990123254081635
0.83,-0.5877852522924346,0.5850458885876052
0.831,-0.20901884778110696,0.6809640214818935
0.832,-0.4766206166295281,0.7666795369088593
0.833,-1.1382205516482116,0.8406356901034004
0.834,-1.380355310613612,0.901002884236807
0.835,-0.9510565162951325,0.946624132713129
0.836,-0.5067589925811109,0.9773165531307175
0.837,-0.7041341022820092,0.9931326996244584
0.838,-1.291919354574463,0.9936181822331867
0.839,-1.4578155088762572,0.9781020804925822
0.84,-0.951056516295147,0.9466241327131136
0.841,-0.429298794318453,0.9002173568749136
0.842,-0.5504352993557475,0.8401502074946496
0.843,-1.0644058689219804,0.767165019517574
0.844,-1.1600753640762638,0.6817495488437537
0.845,-0.5877852522924765,0.5850458885875929
0.846,-0.0062254159541544896,0.4791157051789322
0.847,-0.0742319265384006,0.3661661728293849
0.848,-0.54258251331113,0.24777361325403274
0.849,-0.600861491711881,0.1251418837280988
0.85,-2.4982794702606005E-14,5.486605093862895E-16
0.851,0.6008614917118642,-0.12514188372809676
0.852,0.5425825133111304,-0.24777361325402825
0.853,0.07423192653841504,-0.36616617282937725
0.854,0.006225415954138669,-0.479115705178922
0.855,0.5877852522924424,-0.585045888587582
0.856,1.1600753640762491,-0.6817495488437434
0.857,1.064405868921988,-0.767165019517565
0.858,0.5504352993557653,-0.8401502074946425
0.859,0.42929879431843504,-0.900217356874907
0.86,0.951056516295117,-0.9466241327131057
0.861,1.4578155088762446,-0.9781020804925714
0.862,1.2919193545744847,-0.9936181822331716
0.863,0.704134102282032,-0.9931326996244383
0.864,0.5067589925811067,-0.9773165531306931
0.865,0.9510565162951077,-0.9466241327131022
0.866,1.380355310613613,-0.9010028842367798
0.867,1.1382205516482382,-0.8406356901033755
0.868,0.47662061662956473,-0.766679536908838
0.869,0.20901884778110463,-0.6809640214818775
0.87,0.5877852522925392,-0.5850458885875947
0.871,0.9572819322493062,-0.4799012325408115
0.872,0.6620171788309075,-0.36665165543812367
0.873,-0.04520273898136115,-0.24728813064530927
0.874,-0.3501950245832857,-0.12435635636623206
0.875,5.390921838794707E-14,-7.270063457492926E-15
0.876,0.3501950245832805,0.12435635636621775
0.877,0.045202738981393764,0.24728813064529565
0.878,-0.6620171788308886,0.36665165543811123
0.879,-0.9572819322492641,0.47990123254080075
0.88,-0.5877852522924343,0.5850458885875853
0.881,-0.20901884778111018,0.6809640214818701
0.882,-0.4766206166295373,0.7666795369088318
0.883,-1.13822055164822,0.84063569010337
0.884,-1.380355310613578,0.901002884236775
0.885,-0.9510565162951288,0.9466241327130971
0.886,-0.5067589925811105,0.9773165531306879
0.887,-0.7041341022820145,0.9931326996244335
0.888,-1.2919193545745593,0.993618182233168
0.889,-1.457815508876254,0.9781020804925713
0.89,-0.951056516295139,0.946624132713111
0.891,-0.42929879431844836,0.9002173568749195
0.892,-0.5504352993557486,0.8401502074946626
0.893,-1.0644058689220726,0.7671650195175918
0.894,-1.1600753640762569,0.6817495488437749
0.895,-0.5877852522924766,0.5850458885876153
0.896,-0.0062254159541466625,0.47911570517895413
0.897,-0.07423192653849098,0.36616617282940583
0.898,-0.5425825133111282,0.24777361325405203
0.899,-0.6008614917118724,0.12514188372811622
0.9,-1.2241516146380825E-14,1.592324362642561E-14
0.901,0.6008614917118729,-0.12514188372808335
0.902,0.5425825133110403,-0.24777361325401667
0.903,0.0742319265384167,-0.36616617282936725
0.904,0.0062254159541340615,-0.4791157051789134
0.905,0.5877852522924538,-0.5850458885875744
0.906,1.1600753640762913,-0.6817495488437374
0.907,1.0644058689219875,-0.7671650195175603
0.908,0.5504352993557642,-0.8401502074946404
0.909,0.42929879431843976,-0.9002173568749078
0.91,0.951056516295125,-0.94662413271311
0.911,1.457815508876283,-0.9781020804925796
0.912,1.2919193545744803,-0.9936181822331833
0.913,0.7041341022820277,-0.9931326996244536
0.914,0.5067589925811072,-0.9773165531307108
0.915,0.9510565162952251,-0.9466241327131217
0.916,1.380355310613612,-0.9010028842367994
0.917,1.1382205516482298,-0.8406356901033948
0.918,0.4766206166295556,-0.7666795369088567
0.919,0.20901884778110147,-0.680964021481895
0.92,0.5877852522925395,-0.5850458885876118
0.921,0.957281932249302,-0.47990123254082795
0.922,0.6620171788309095,-0.36665165543813993
0.923,-0.04520273898137256,-0.2472881306453255
0.924,-0.3501950245832556,-0.12435635636624802
0.925,5.292950094862919E-14,-2.2281140691152168E-14
0.926,0.35019502458327556,0.12435635636620475
0.927,0.04520273898138233,0.24728813064528565
0.928,-0.6620171788308998,0.36665165543810513
0.929,-0.9572819322492683,0.4799012325407986
0.93,-0.587785252292434,0.5850458885875869
0.931,-0.20901884778110302,0.680964021481875
0.932,-0.4766206166295464,0.7666795369088392
0.933,-1.1382205516483204,0.8406356901033788
0.934,-1.380355310613579,0.9010028842367857
0.935,-0.951056516295125,0.94662413271311
0.936,-0.5067589925811099,0.9773165531307032
0.937,-0.7041341022821116,0.9931326996244516
0.938,-1.2919193545744734,0.9936181822331881
0.939,-1.457815508876289,0.9781020804925922
0.94,-0.9510565162951353,0.9466241327131311
0.941,-0.42929879431844964,0.900217356874936
0.942,-0.5504352993557573,0.8401502074946743
0.943,-1.06440586892199,0.7671650195175977
0.944,-1.1600753640762955,0.6817495488437758
0.945,-0.5877852522924766,0.5850458885876126
0.946,-0.00622541595415127,0.47911570517895
0.947,-0.07423192653842381,0.36616617282940234
0.948,-0.542582513311048,0.24777361325405062
0.949,-0.6008614917118779,0.12514188372811727
0.95,-1.3711092305357648E-14,1.8878128227317603E-14
0.951,0.6008614917118674,-0.12514188372808013
0.952,0.5425825133111204,-0.247773613254015
0.953,0.07423192653849708,-0.3661661728293693
0.954,0.0062254159541293985,-0.4791157051789205
0.955,0.5877852522924537,-0.5850458885875873
0.956,1.160075364076242,-0.6817495488437556
0.957,1.0644058689220701,-0.7671650195175824
0.958,0.5504352993557555,-0.8401502074946645
0.959,0.4292987943184384,-0.9002173568749318
0.96,0.9510565162951286,-0.9466241327131314
0.961,1.4578155088762481,-0.9781020804925965
0.962,1.291919354574567,-0.9936181822331952
0.963,0.7041341022820233,-0.9931326996244596
0.964,0.5067589925811103,-0.9773165531307116
0.965,0.951056516295124,-0.9466241327131185
0.966,1.3803553106135817,-0.9010028842367933
0.967,1.138220551648229,-0.8406356901033867
0.968,0.4766206166295555,-0.7666795369088467
0.969,0.20901884778110857,-0.6809640214818827
0.97,0.5877852522924376,-0.585045888587596
0.971,0.9572819322493104,-0.47990123254080874
0.972,0.6620171788309117,-0.36665165543811584
0.973,-0.04520273898137023,-0.2472881306452969
0.974,-0.3501950245832675,-0.12435635636621592
0.975,-4.7526199497102716E-14,1.1388296989461866E-14
0.976,0.35019502458328466,0.12435635636623761
0.977,0.045202738981384744,0.2472881306453154
0.978,-0.6620171788308977,0.36665165543812983
0.979,-0.9572819322492951,0.47990123254081796
0.98,-0.5877852522924222,0.5850458885876015
0.981,-0.20901884778109575,0.6809640214818858
0.982,-0.47662061662954647,0.7666795369088485
0.983,-1.1382205516482293,0.8406356901033882
0.984,-1.3803553106136093,0.9010028842367951
0.985,-0.9510565162951169,0.9466241327131188
0.986,-0.5067589925811067,0.9773165531307094
0.987,-0.7041341022820238,0.9931326996244532
0.988,-1.2919193545744778,0.993618182233183
0.989,-1.4578155088762508,0.97810208049258
0.99,-0.9510565162951318,0.9466241327131121
0.991,-0.4292987943184449,0.9002173568749123
0.992,-0.5504352993557584,0.8401502074946486
0.993,-1.0644058689219904,0.7671650195175728
0.994,-1.1600753640762536,0.6817495488437528
0.995,-0.5877852522924653,0.5850458885875921
0.996,-0.006225415954143387,0.47911570517893143
0.997,-0.0742319265384222,0.3661661728293843
0.998,-0.5425825133111382,0.24777361325403177
0.999,-0.6008614917118833,0.1251418837280974
